Fund Name,P1,P2,P3,P4,P5,TOPSIS Score,Rank
M1,0.71,0.5,4.1,35.4,10.18,0.07287095611404378,7
M2,0.8,0.64,5.0,32.2,9.66,0.25659599640543973,8
M3,0.9,0.81,4.7,37.2,10.9,0.43171957978712444,5
M4,0.81,0.66,4.6,48.1,13.54,0.4558265687292778,6
M5,0.71,0.5,6.0,54.8,15.5,0.5270421149931599,4
M6,0.69,0.48,6.5,52.3,14.99,0.5063618564171987,3
M7,0.79,0.62,6.2,64.0,17.9,0.7333319966674967,2
M8,0.73,0.53,6.8,55.2,15.82,0.5905431959331692,1
